Sequence	Count
TCGGAAGGCGGGACGATGCCGGATAATCGGCAGCCGAGGAACCGCCAGCCGAGGATCCGCTCCGGGAACGAGCCTCGTTCCGCGCCCGACATGGAACCCGATGGTCGCG	46660
TCGGAAGGCGGGACGATGCCGGATAATCGGCAGCCGAGGAACCGCCAGCCGAGGATCCGCTCCGGGAACGAGCCTCGTTCCGCGCCCGTCATGGAACCCGATGGTCGCG	43070
TCGGAAGGCGGGACGATGCCGGATAATCGGCAGCCGAGGAACCGCCAGCCGAGGATCCGCTCCGGGAACGAGCCTCGTTCCGCGCCCGGCATGGAACCCGATGGTCGCG	52393
TCGGAAGGCGGGACGATGCCGGATAATCGGCAGCCGAGGAACCGCCAGCCGAGGATCCGCTCCGGGAACGAGCCTCGTTCCGCGCCCGCAATGGAACCCGATGGTCGCG	44296
TCGGAAGGCGGGACGATGCCGGATAATCGGCAGCCGAGGAACCGCCAGCCGAGGATCCGCTCCGGGAACGAGCCTCGTTCCGCGCCCGCTATGGAACCCGATGGTCGCG	40214
TCGGAAGGCGGGACGATGCCGGATAATCGGCAGCCGAGGAACCGCCAGCCGAGGATCCGCTCCGGGAACGAGCCTCGTTCCGCGCCCGCGATGGAACCCGATGGTCGCG	35603
TCGGAAGGCGGGACGATGCCGGATAATCGGCAGCCGAGGAACCGCCAGCCGAGGATCCGCTCCGGGAACGAGCCTCGTTCCGCGCCCGCCTTGGAACCCGATGGTCGCG	49217
TCGGAAGGCGGGACGATGCCGGATAATCGGCAGCCGAGGAACCGCCAGCCGAGGATCCGCTCCGGGAACGAGCCTCGTTCCGCGCCCGCCCTGGAACCCGATGGTCGCG	40505
TCGGAAGGCGGGACGATGCCGGATAATCGGCAGCCGAGGAACCGCCAGCCGAGGATCCGCTCCGGGAACGAGCCTCGTTCCGCGCCCGCCGTGGAACCCGATGGTCGCG	57923
TCGGAAGGCGGGACGATGCCGGATAATCGGCAGCCGAGGAACCGCCAGCCGAGGATCCGCTCCGGGAACGAGCCTCGTTCCGCGCCCGCCAAGGAACCCGATGGTCGCG	37968
TCGGAAGGCGGGACGATGCCGGATAATCGGCAGCCGAGGAACCGCCAGCCGAGGATCCGCTCCGGGAACGAGCCTCGTTCCGCGCCCGCCACGGAACCCGATGGTCGCG	48847
TCGGAAGGCGGGACGATGCCGGATAATCGGCAGCCGAGGAACCGCCAGCCGAGGATCCGCTCCGGGAACGAGCCTCGTTCCGCGCCCGCCAGGGAACCCGATGGTCGCG	28536
TCGGAAGGCGGGACGATGCCGGATAATCGGCAGCCGAGGAACCGCCAGCCGAGGATCCGCTCCGGGAACGAGCCTCGTTCCGCGCCCGCCATAGAACCCGATGGTCGCG	39692
TCGGAAGGCGGGACGATGCCGGATAATCGGCAGCCGAGGAACCGCCAGCCGAGGATCCGCTCCGGGAACGAGCCTCGTTCCGCGCCCGCCATTGAACCCGATGGTCGCG	29994
TCGGAAGGCGGGACGATGCCGGATAATCGGCAGCCGAGGAACCGCCAGCCGAGGATCCGCTCCGGGAACGAGCCTCGTTCCGCGCCCGCCATCGAACCCGATGGTCGCG	19089
TCGGAAGGCGGGACGATGCCGGATAATCGGCAGCCGAGGAACCGCCAGCCGAGGATCCGCTCCGGGAACGAGCCTCGTTCCGCGCCCGCCATGAAACCCGATGGTCGCG	42036
TCGGAAGGCGGGACGATGCCGGATAATCGGCAGCCGAGGAACCGCCAGCCGAGGATCCGCTCCGGGAACGAGCCTCGTTCCGCGCCCGCCATGTAACCCGATGGTCGCG	3458
TCGGAAGGCGGGACGATGCCGGATAATCGGCAGCCGAGGAACCGCCAGCCGAGGATCCGCTCCGGGAACGAGCCTCGTTCCGCGCCCGCCATGCAACCCGATGGTCGCG	33008
TCGGAAGGCGGGACGATGCCGGATAATCGGCAGCCGAGGAACCGCCAGCCGAGGATCCGCTCCGGGAACGAGCCTCGTTCCGCGCCCGCCATGGTACCCGATGGTCGCG	29537
TCGGAAGGCGGGACGATGCCGGATAATCGGCAGCCGAGGAACCGCCAGCCGAGGATCCGCTCCGGGAACGAGCCTCGTTCCGCGCCCGCCATGGCACCCGATGGTCGCG	27593
TCGGAAGGCGGGACGATGCCGGATAATCGGCAGCCGAGGAACCGCCAGCCGAGGATCCGCTCCGGGAACGAGCCTCGTTCCGCGCCCGCCATGGGACCCGATGGTCGCG	26721
TCGGAAGGCGGGACGCTGCCGGATAATCGGCAGCCGAGGAACCGCCAGCCGAGGATCCGCTCCGGGAACGAGCCTCGTTCCGCGCCCGACATGGAACCCGATGGTCGCG	33346
TCGGAAGGCGGGACGCTGCCGGATAATCGGCAGCCGAGGAACCGCCAGCCGAGGATCCGCTCCGGGAACGAGCCTCGTTCCGCGCCCGTCATGGAACCCGATGGTCGCG	30526
TCGGAAGGCGGGACGCTGCCGGATAATCGGCAGCCGAGGAACCGCCAGCCGAGGATCCGCTCCGGGAACGAGCCTCGTTCCGCGCCCGGCATGGAACCCGATGGTCGCG	42718
TCGGAAGGCGGGACGCTGCCGGATAATCGGCAGCCGAGGAACCGCCAGCCGAGGATCCGCTCCGGGAACGAGCCTCGTTCCGCGCCCGCAATGGAACCCGATGGTCGCG	35559
TCGGAAGGCGGGACGCTGCCGGATAATCGGCAGCCGAGGAACCGCCAGCCGAGGATCCGCTCCGGGAACGAGCCTCGTTCCGCGCCCGCTATGGAACCCGATGGTCGCG	40454
TCGGAAGGCGGGACGCTGCCGGATAATCGGCAGCCGAGGAACCGCCAGCCGAGGATCCGCTCCGGGAACGAGCCTCGTTCCGCGCCCGCGATGGAACCCGATGGTCGCG	22409
TCGGAAGGCGGGACGCTGCCGGATAATCGGCAGCCGAGGAACCGCCAGCCGAGGATCCGCTCCGGGAACGAGCCTCGTTCCGCGCCCGCCTTGGAACCCGATGGTCGCG	4048
TCGGAAGGCGGGACGCTGCCGGATAATCGGCAGCCGAGGAACCGCCAGCCGAGGATCCGCTCCGGGAACGAGCCTCGTTCCGCGCCCGCCCTGGAACCCGATGGTCGCG	2123
TCGGAAGGCGGGACGCTGCCGGATAATCGGCAGCCGAGGAACCGCCAGCCGAGGATCCGCTCCGGGAACGAGCCTCGTTCCGCGCCCGCCGTGGAACCCGATGGTCGCG	2791
TCGGAAGGCGGGACGCTGCCGGATAATCGGCAGCCGAGGAACCGCCAGCCGAGGATCCGCTCCGGGAACGAGCCTCGTTCCGCGCCCGCCAAGGAACCCGATGGTCGCG	3940
TCGGAAGGCGGGACGCTGCCGGATAATCGGCAGCCGAGGAACCGCCAGCCGAGGATCCGCTCCGGGAACGAGCCTCGTTCCGCGCCCGCCACGGAACCCGATGGTCGCG	3581
TCGGAAGGCGGGACGCTGCCGGATAATCGGCAGCCGAGGAACCGCCAGCCGAGGATCCGCTCCGGGAACGAGCCTCGTTCCGCGCCCGCCAGGGAACCCGATGGTCGCG	2464
TCGGAAGGCGGGACGCTGCCGGATAATCGGCAGCCGAGGAACCGCCAGCCGAGGATCCGCTCCGGGAACGAGCCTCGTTCCGCGCCCGCCATAGAACCCGATGGTCGCG	2961
TCGGAAGGCGGGACGCTGCCGGATAATCGGCAGCCGAGGAACCGCCAGCCGAGGATCCGCTCCGGGAACGAGCCTCGTTCCGCGCCCGCCATTGAACCCGATGGTCGCG	2548
TCGGAAGGCGGGACGCTGCCGGATAATCGGCAGCCGAGGAACCGCCAGCCGAGGATCCGCTCCGGGAACGAGCCTCGTTCCGCGCCCGCCATCGAACCCGATGGTCGCG	2165
TCGGAAGGCGGGACGCTGCCGGATAATCGGCAGCCGAGGAACCGCCAGCCGAGGATCCGCTCCGGGAACGAGCCTCGTTCCGCGCCCGCCATGAAACCCGATGGTCGCG	32612
TCGGAAGGCGGGACGCTGCCGGATAATCGGCAGCCGAGGAACCGCCAGCCGAGGATCCGCTCCGGGAACGAGCCTCGTTCCGCGCCCGCCATGTAACCCGATGGTCGCG	2449
TCGGAAGGCGGGACGCTGCCGGATAATCGGCAGCCGAGGAACCGCCAGCCGAGGATCCGCTCCGGGAACGAGCCTCGTTCCGCGCCCGCCATGCAACCCGATGGTCGCG	29086
TCGGAAGGCGGGACGCTGCCGGATAATCGGCAGCCGAGGAACCGCCAGCCGAGGATCCGCTCCGGGAACGAGCCTCGTTCCGCGCCCGCCATGGTACCCGATGGTCGCG	28272
TCGGAAGGCGGGACGCTGCCGGATAATCGGCAGCCGAGGAACCGCCAGCCGAGGATCCGCTCCGGGAACGAGCCTCGTTCCGCGCCCGCCATGGCACCCGATGGTCGCG	20709
TCGGAAGGCGGGACGCTGCCGGATAATCGGCAGCCGAGGAACCGCCAGCCGAGGATCCGCTCCGGGAACGAGCCTCGTTCCGCGCCCGCCATGGGACCCGATGGTCGCG	19614
TCGGAAGGCGGGACGAGGCCGGATAATCGGCAGCCGAGGAACCGCCAGCCGAGGATCCGCTCCGGGAACGAGCCTCGTTCCGCGCCCGACATGGAACCCGATGGTCGCG	39289
TCGGAAGGCGGGACGAGGCCGGATAATCGGCAGCCGAGGAACCGCCAGCCGAGGATCCGCTCCGGGAACGAGCCTCGTTCCGCGCCCGTCATGGAACCCGATGGTCGCG	36930
TCGGAAGGCGGGACGAGGCCGGATAATCGGCAGCCGAGGAACCGCCAGCCGAGGATCCGCTCCGGGAACGAGCCTCGTTCCGCGCCCGGCATGGAACCCGATGGTCGCG	56821
TCGGAAGGCGGGACGAGGCCGGATAATCGGCAGCCGAGGAACCGCCAGCCGAGGATCCGCTCCGGGAACGAGCCTCGTTCCGCGCCCGCAATGGAACCCGATGGTCGCG	50553
TCGGAAGGCGGGACGAGGCCGGATAATCGGCAGCCGAGGAACCGCCAGCCGAGGATCCGCTCCGGGAACGAGCCTCGTTCCGCGCCCGCTATGGAACCCGATGGTCGCG	39814
TCGGAAGGCGGGACGAGGCCGGATAATCGGCAGCCGAGGAACCGCCAGCCGAGGATCCGCTCCGGGAACGAGCCTCGTTCCGCGCCCGCGATGGAACCCGATGGTCGCG	23087
TCGGAAGGCGGGACGAGGCCGGATAATCGGCAGCCGAGGAACCGCCAGCCGAGGATCCGCTCCGGGAACGAGCCTCGTTCCGCGCCCGCCTTGGAACCCGATGGTCGCG	2069
TCGGAAGGCGGGACGAGGCCGGATAATCGGCAGCCGAGGAACCGCCAGCCGAGGATCCGCTCCGGGAACGAGCCTCGTTCCGCGCCCGCCCTGGAACCCGATGGTCGCG	2847
TCGGAAGGCGGGACGAGGCCGGATAATCGGCAGCCGAGGAACCGCCAGCCGAGGATCCGCTCCGGGAACGAGCCTCGTTCCGCGCCCGCCGTGGAACCCGATGGTCGCG	4299
TCGGAAGGCGGGACGAGGCCGGATAATCGGCAGCCGAGGAACCGCCAGCCGAGGATCCGCTCCGGGAACGAGCCTCGTTCCGCGCCCGCCAAGGAACCCGATGGTCGCG	5040
TCGGAAGGCGGGACGAGGCCGGATAATCGGCAGCCGAGGAACCGCCAGCCGAGGATCCGCTCCGGGAACGAGCCTCGTTCCGCGCCCGCCACGGAACCCGATGGTCGCG	4395
TCGGAAGGCGGGACGAGGCCGGATAATCGGCAGCCGAGGAACCGCCAGCCGAGGATCCGCTCCGGGAACGAGCCTCGTTCCGCGCCCGCCAGGGAACCCGATGGTCGCG	4440
TCGGAAGGCGGGACGAGGCCGGATAATCGGCAGCCGAGGAACCGCCAGCCGAGGATCCGCTCCGGGAACGAGCCTCGTTCCGCGCCCGCCATAGAACCCGATGGTCGCG	2705
TCGGAAGGCGGGACGAGGCCGGATAATCGGCAGCCGAGGAACCGCCAGCCGAGGATCCGCTCCGGGAACGAGCCTCGTTCCGCGCCCGCCATTGAACCCGATGGTCGCG	1139
TCGGAAGGCGGGACGAGGCCGGATAATCGGCAGCCGAGGAACCGCCAGCCGAGGATCCGCTCCGGGAACGAGCCTCGTTCCGCGCCCGCCATCGAACCCGATGGTCGCG	871
TCGGAAGGCGGGACGAGGCCGGATAATCGGCAGCCGAGGAACCGCCAGCCGAGGATCCGCTCCGGGAACGAGCCTCGTTCCGCGCCCGCCATGAAACCCGATGGTCGCG	35258
TCGGAAGGCGGGACGAGGCCGGATAATCGGCAGCCGAGGAACCGCCAGCCGAGGATCCGCTCCGGGAACGAGCCTCGTTCCGCGCCCGCCATGTAACCCGATGGTCGCG	2307
TCGGAAGGCGGGACGAGGCCGGATAATCGGCAGCCGAGGAACCGCCAGCCGAGGATCCGCTCCGGGAACGAGCCTCGTTCCGCGCCCGCCATGCAACCCGATGGTCGCG	32554
TCGGAAGGCGGGACGAGGCCGGATAATCGGCAGCCGAGGAACCGCCAGCCGAGGATCCGCTCCGGGAACGAGCCTCGTTCCGCGCCCGCCATGGTACCCGATGGTCGCG	28323
TCGGAAGGCGGGACGAGGCCGGATAATCGGCAGCCGAGGAACCGCCAGCCGAGGATCCGCTCCGGGAACGAGCCTCGTTCCGCGCCCGCCATGGCACCCGATGGTCGCG	18975
TCGGAAGGCGGGACGAGGCCGGATAATCGGCAGCCGAGGAACCGCCAGCCGAGGATCCGCTCCGGGAACGAGCCTCGTTCCGCGCCCGCCATGGGACCCGATGGTCGCG	20526
TCGGAAGGCGGGACGTAGCCGGATAATCGGCAGCCGAGGAACCGCCAGCCGAGGATCCGCTCCGGGAACGAGCCTCGTTCCGCGCCCGACATGGAACCCGATGGTCGCG	49242
TCGGAAGGCGGGACGTAGCCGGATAATCGGCAGCCGAGGAACCGCCAGCCGAGGATCCGCTCCGGGAACGAGCCTCGTTCCGCGCCCGTCATGGAACCCGATGGTCGCG	50693
TCGGAAGGCGGGACGTAGCCGGATAATCGGCAGCCGAGGAACCGCCAGCCGAGGATCCGCTCCGGGAACGAGCCTCGTTCCGCGCCCGGCATGGAACCCGATGGTCGCG	68932
TCGGAAGGCGGGACGTAGCCGGATAATCGGCAGCCGAGGAACCGCCAGCCGAGGATCCGCTCCGGGAACGAGCCTCGTTCCGCGCCCGCAATGGAACCCGATGGTCGCG	53831
TCGGAAGGCGGGACGTAGCCGGATAATCGGCAGCCGAGGAACCGCCAGCCGAGGATCCGCTCCGGGAACGAGCCTCGTTCCGCGCCCGCTATGGAACCCGATGGTCGCG	50566
TCGGAAGGCGGGACGTAGCCGGATAATCGGCAGCCGAGGAACCGCCAGCCGAGGATCCGCTCCGGGAACGAGCCTCGTTCCGCGCCCGCGATGGAACCCGATGGTCGCG	43587
TCGGAAGGCGGGACGTAGCCGGATAATCGGCAGCCGAGGAACCGCCAGCCGAGGATCCGCTCCGGGAACGAGCCTCGTTCCGCGCCCGCCTTGGAACCCGATGGTCGCG	5168
TCGGAAGGCGGGACGTAGCCGGATAATCGGCAGCCGAGGAACCGCCAGCCGAGGATCCGCTCCGGGAACGAGCCTCGTTCCGCGCCCGCCCTGGAACCCGATGGTCGCG	2671
TCGGAAGGCGGGACGTAGCCGGATAATCGGCAGCCGAGGAACCGCCAGCCGAGGATCCGCTCCGGGAACGAGCCTCGTTCCGCGCCCGCCGTGGAACCCGATGGTCGCG	2474
TCGGAAGGCGGGACGTAGCCGGATAATCGGCAGCCGAGGAACCGCCAGCCGAGGATCCGCTCCGGGAACGAGCCTCGTTCCGCGCCCGCCAAGGAACCCGATGGTCGCG	3370
TCGGAAGGCGGGACGTAGCCGGATAATCGGCAGCCGAGGAACCGCCAGCCGAGGATCCGCTCCGGGAACGAGCCTCGTTCCGCGCCCGCCACGGAACCCGATGGTCGCG	2417
TCGGAAGGCGGGACGTAGCCGGATAATCGGCAGCCGAGGAACCGCCAGCCGAGGATCCGCTCCGGGAACGAGCCTCGTTCCGCGCCCGCCAGGGAACCCGATGGTCGCG	2521
TCGGAAGGCGGGACGTAGCCGGATAATCGGCAGCCGAGGAACCGCCAGCCGAGGATCCGCTCCGGGAACGAGCCTCGTTCCGCGCCCGCCATAGAACCCGATGGTCGCG	4662
TCGGAAGGCGGGACGTAGCCGGATAATCGGCAGCCGAGGAACCGCCAGCCGAGGATCCGCTCCGGGAACGAGCCTCGTTCCGCGCCCGCCATTGAACCCGATGGTCGCG	1541
TCGGAAGGCGGGACGTAGCCGGATAATCGGCAGCCGAGGAACCGCCAGCCGAGGATCCGCTCCGGGAACGAGCCTCGTTCCGCGCCCGCCATCGAACCCGATGGTCGCG	2049
TCGGAAGGCGGGACGTAGCCGGATAATCGGCAGCCGAGGAACCGCCAGCCGAGGATCCGCTCCGGGAACGAGCCTCGTTCCGCGCCCGCCATGAAACCCGATGGTCGCG	42761
TCGGAAGGCGGGACGTAGCCGGATAATCGGCAGCCGAGGAACCGCCAGCCGAGGATCCGCTCCGGGAACGAGCCTCGTTCCGCGCCCGCCATGTAACCCGATGGTCGCG	7308
TCGGAAGGCGGGACGTAGCCGGATAATCGGCAGCCGAGGAACCGCCAGCCGAGGATCCGCTCCGGGAACGAGCCTCGTTCCGCGCCCGCCATGCAACCCGATGGTCGCG	48611
TCGGAAGGCGGGACGTAGCCGGATAATCGGCAGCCGAGGAACCGCCAGCCGAGGATCCGCTCCGGGAACGAGCCTCGTTCCGCGCCCGCCATGGTACCCGATGGTCGCG	35901
TCGGAAGGCGGGACGTAGCCGGATAATCGGCAGCCGAGGAACCGCCAGCCGAGGATCCGCTCCGGGAACGAGCCTCGTTCCGCGCCCGCCATGGCACCCGATGGTCGCG	30049
TCGGAAGGCGGGACGTAGCCGGATAATCGGCAGCCGAGGAACCGCCAGCCGAGGATCCGCTCCGGGAACGAGCCTCGTTCCGCGCCCGCCATGGGACCCGATGGTCGCG	35265
TCGGAAGGCGGGACGATACCGGATAATCGGCAGCCGAGGAACCGCCAGCCGAGGATCCGCTCCGGGAACGAGCCTCGTTCCGCGCCCGACATGGAACCCGATGGTCGCG	59391
TCGGAAGGCGGGACGATACCGGATAATCGGCAGCCGAGGAACCGCCAGCCGAGGATCCGCTCCGGGAACGAGCCTCGTTCCGCGCCCGTCATGGAACCCGATGGTCGCG	47266
TCGGAAGGCGGGACGATACCGGATAATCGGCAGCCGAGGAACCGCCAGCCGAGGATCCGCTCCGGGAACGAGCCTCGTTCCGCGCCCGGCATGGAACCCGATGGTCGCG	59328
TCGGAAGGCGGGACGATACCGGATAATCGGCAGCCGAGGAACCGCCAGCCGAGGATCCGCTCCGGGAACGAGCCTCGTTCCGCGCCCGCAATGGAACCCGATGGTCGCG	61380
TCGGAAGGCGGGACGATACCGGATAATCGGCAGCCGAGGAACCGCCAGCCGAGGATCCGCTCCGGGAACGAGCCTCGTTCCGCGCCCGCTATGGAACCCGATGGTCGCG	55366
TCGGAAGGCGGGACGATACCGGATAATCGGCAGCCGAGGAACCGCCAGCCGAGGATCCGCTCCGGGAACGAGCCTCGTTCCGCGCCCGCGATGGAACCCGATGGTCGCG	37140
TCGGAAGGCGGGACGATACCGGATAATCGGCAGCCGAGGAACCGCCAGCCGAGGATCCGCTCCGGGAACGAGCCTCGTTCCGCGCCCGCCTTGGAACCCGATGGTCGCG	3235
TCGGAAGGCGGGACGATACCGGATAATCGGCAGCCGAGGAACCGCCAGCCGAGGATCCGCTCCGGGAACGAGCCTCGTTCCGCGCCCGCCCTGGAACCCGATGGTCGCG	7176
TCGGAAGGCGGGACGATACCGGATAATCGGCAGCCGAGGAACCGCCAGCCGAGGATCCGCTCCGGGAACGAGCCTCGTTCCGCGCCCGCCGTGGAACCCGATGGTCGCG	4415
TCGGAAGGCGGGACGATACCGGATAATCGGCAGCCGAGGAACCGCCAGCCGAGGATCCGCTCCGGGAACGAGCCTCGTTCCGCGCCCGCCAAGGAACCCGATGGTCGCG	5495
TCGGAAGGCGGGACGATACCGGATAATCGGCAGCCGAGGAACCGCCAGCCGAGGATCCGCTCCGGGAACGAGCCTCGTTCCGCGCCCGCCACGGAACCCGATGGTCGCG	7104
TCGGAAGGCGGGACGATACCGGATAATCGGCAGCCGAGGAACCGCCAGCCGAGGATCCGCTCCGGGAACGAGCCTCGTTCCGCGCCCGCCAGGGAACCCGATGGTCGCG	1573
TCGGAAGGCGGGACGATACCGGATAATCGGCAGCCGAGGAACCGCCAGCCGAGGATCCGCTCCGGGAACGAGCCTCGTTCCGCGCCCGCCATAGAACCCGATGGTCGCG	8446
TCGGAAGGCGGGACGATACCGGATAATCGGCAGCCGAGGAACCGCCAGCCGAGGATCCGCTCCGGGAACGAGCCTCGTTCCGCGCCCGCCATTGAACCCGATGGTCGCG	3139
TCGGAAGGCGGGACGATACCGGATAATCGGCAGCCGAGGAACCGCCAGCCGAGGATCCGCTCCGGGAACGAGCCTCGTTCCGCGCCCGCCATCGAACCCGATGGTCGCG	1688
TCGGAAGGCGGGACGATACCGGATAATCGGCAGCCGAGGAACCGCCAGCCGAGGATCCGCTCCGGGAACGAGCCTCGTTCCGCGCCCGCCATGAAACCCGATGGTCGCG	50912
TCGGAAGGCGGGACGATACCGGATAATCGGCAGCCGAGGAACCGCCAGCCGAGGATCCGCTCCGGGAACGAGCCTCGTTCCGCGCCCGCCATGTAACCCGATGGTCGCG	2825
TCGGAAGGCGGGACGATACCGGATAATCGGCAGCCGAGGAACCGCCAGCCGAGGATCCGCTCCGGGAACGAGCCTCGTTCCGCGCCCGCCATGCAACCCGATGGTCGCG	44436
TCGGAAGGCGGGACGATACCGGATAATCGGCAGCCGAGGAACCGCCAGCCGAGGATCCGCTCCGGGAACGAGCCTCGTTCCGCGCCCGCCATGGTACCCGATGGTCGCG	51848
TCGGAAGGCGGGACGATACCGGATAATCGGCAGCCGAGGAACCGCCAGCCGAGGATCCGCTCCGGGAACGAGCCTCGTTCCGCGCCCGCCATGGCACCCGATGGTCGCG	31189
TCGGAAGGCGGGACGATACCGGATAATCGGCAGCCGAGGAACCGCCAGCCGAGGATCCGCTCCGGGAACGAGCCTCGTTCCGCGCCCGCCATGGGACCCGATGGTCGCG	22875
TCGGAAGGCGGGACGGTGCCGGATAATCGGCAGCCGAGGAACCGCCAGCCGAGGATCCGCTCCGGGAACGAGCCTCGTTCCGCGCCCGACATGGAACCCGATGGTCGCG	47282
TCGGAAGGCGGGACGGTGCCGGATAATCGGCAGCCGAGGAACCGCCAGCCGAGGATCCGCTCCGGGAACGAGCCTCGTTCCGCGCCCGTCATGGAACCCGATGGTCGCG	40470
TCGGAAGGCGGGACGGTGCCGGATAATCGGCAGCCGAGGAACCGCCAGCCGAGGATCCGCTCCGGGAACGAGCCTCGTTCCGCGCCCGGCATGGAACCCGATGGTCGCG	50605
TCGGAAGGCGGGACGGTGCCGGATAATCGGCAGCCGAGGAACCGCCAGCCGAGGATCCGCTCCGGGAACGAGCCTCGTTCCGCGCCCGCAATGGAACCCGATGGTCGCG	47127
TCGGAAGGCGGGACGGTGCCGGATAATCGGCAGCCGAGGAACCGCCAGCCGAGGATCCGCTCCGGGAACGAGCCTCGTTCCGCGCCCGCTATGGAACCCGATGGTCGCG	43378
TCGGAAGGCGGGACGGTGCCGGATAATCGGCAGCCGAGGAACCGCCAGCCGAGGATCCGCTCCGGGAACGAGCCTCGTTCCGCGCCCGCGATGGAACCCGATGGTCGCG	34456
TCGGAAGGCGGGACGGTGCCGGATAATCGGCAGCCGAGGAACCGCCAGCCGAGGATCCGCTCCGGGAACGAGCCTCGTTCCGCGCCCGCCTTGGAACCCGATGGTCGCG	2579
TCGGAAGGCGGGACGGTGCCGGATAATCGGCAGCCGAGGAACCGCCAGCCGAGGATCCGCTCCGGGAACGAGCCTCGTTCCGCGCCCGCCCTGGAACCCGATGGTCGCG	3480
TCGGAAGGCGGGACGGTGCCGGATAATCGGCAGCCGAGGAACCGCCAGCCGAGGATCCGCTCCGGGAACGAGCCTCGTTCCGCGCCCGCCGTGGAACCCGATGGTCGCG	5996
TCGGAAGGCGGGACGGTGCCGGATAATCGGCAGCCGAGGAACCGCCAGCCGAGGATCCGCTCCGGGAACGAGCCTCGTTCCGCGCCCGCCAAGGAACCCGATGGTCGCG	7131
TCGGAAGGCGGGACGGTGCCGGATAATCGGCAGCCGAGGAACCGCCAGCCGAGGATCCGCTCCGGGAACGAGCCTCGTTCCGCGCCCGCCACGGAACCCGATGGTCGCG	6066
TCGGAAGGCGGGACGGTGCCGGATAATCGGCAGCCGAGGAACCGCCAGCCGAGGATCCGCTCCGGGAACGAGCCTCGTTCCGCGCCCGCCAGGGAACCCGATGGTCGCG	5826
TCGGAAGGCGGGACGGTGCCGGATAATCGGCAGCCGAGGAACCGCCAGCCGAGGATCCGCTCCGGGAACGAGCCTCGTTCCGCGCCCGCCATAGAACCCGATGGTCGCG	6637
TCGGAAGGCGGGACGGTGCCGGATAATCGGCAGCCGAGGAACCGCCAGCCGAGGATCCGCTCCGGGAACGAGCCTCGTTCCGCGCCCGCCATTGAACCCGATGGTCGCG	3156
TCGGAAGGCGGGACGGTGCCGGATAATCGGCAGCCGAGGAACCGCCAGCCGAGGATCCGCTCCGGGAACGAGCCTCGTTCCGCGCCCGCCATCGAACCCGATGGTCGCG	1653
TCGGAAGGCGGGACGGTGCCGGATAATCGGCAGCCGAGGAACCGCCAGCCGAGGATCCGCTCCGGGAACGAGCCTCGTTCCGCGCCCGCCATGAAACCCGATGGTCGCG	42788
TCGGAAGGCGGGACGGTGCCGGATAATCGGCAGCCGAGGAACCGCCAGCCGAGGATCCGCTCCGGGAACGAGCCTCGTTCCGCGCCCGCCATGTAACCCGATGGTCGCG	3064
TCGGAAGGCGGGACGGTGCCGGATAATCGGCAGCCGAGGAACCGCCAGCCGAGGATCCGCTCCGGGAACGAGCCTCGTTCCGCGCCCGCCATGCAACCCGATGGTCGCG	35186
TCGGAAGGCGGGACGGTGCCGGATAATCGGCAGCCGAGGAACCGCCAGCCGAGGATCCGCTCCGGGAACGAGCCTCGTTCCGCGCCCGCCATGGTACCCGATGGTCGCG	34187
TCGGAAGGCGGGACGGTGCCGGATAATCGGCAGCCGAGGAACCGCCAGCCGAGGATCCGCTCCGGGAACGAGCCTCGTTCCGCGCCCGCCATGGCACCCGATGGTCGCG	27686
TCGGAAGGCGGGACGGTGCCGGATAATCGGCAGCCGAGGAACCGCCAGCCGAGGATCCGCTCCGGGAACGAGCCTCGTTCCGCGCCCGCCATGGGACCCGATGGTCGCG	23356
TCGGAAGGCGGGACGACGCCGGATAATCGGCAGCCGAGGAACCGCCAGCCGAGGATCCGCTCCGGGAACGAGCCTCGTTCCGCGCCCGACATGGAACCCGATGGTCGCG	55291
TCGGAAGGCGGGACGACGCCGGATAATCGGCAGCCGAGGAACCGCCAGCCGAGGATCCGCTCCGGGAACGAGCCTCGTTCCGCGCCCGTCATGGAACCCGATGGTCGCG	41142
TCGGAAGGCGGGACGACGCCGGATAATCGGCAGCCGAGGAACCGCCAGCCGAGGATCCGCTCCGGGAACGAGCCTCGTTCCGCGCCCGGCATGGAACCCGATGGTCGCG	44859
TCGGAAGGCGGGACGACGCCGGATAATCGGCAGCCGAGGAACCGCCAGCCGAGGATCCGCTCCGGGAACGAGCCTCGTTCCGCGCCCGCAATGGAACCCGATGGTCGCG	44604
TCGGAAGGCGGGACGACGCCGGATAATCGGCAGCCGAGGAACCGCCAGCCGAGGATCCGCTCCGGGAACGAGCCTCGTTCCGCGCCCGCTATGGAACCCGATGGTCGCG	59570
TCGGAAGGCGGGACGACGCCGGATAATCGGCAGCCGAGGAACCGCCAGCCGAGGATCCGCTCCGGGAACGAGCCTCGTTCCGCGCCCGCGATGGAACCCGATGGTCGCG	33555
TCGGAAGGCGGGACGACGCCGGATAATCGGCAGCCGAGGAACCGCCAGCCGAGGATCCGCTCCGGGAACGAGCCTCGTTCCGCGCCCGCCTTGGAACCCGATGGTCGCG	2484
TCGGAAGGCGGGACGACGCCGGATAATCGGCAGCCGAGGAACCGCCAGCCGAGGATCCGCTCCGGGAACGAGCCTCGTTCCGCGCCCGCCCTGGAACCCGATGGTCGCG	4391
TCGGAAGGCGGGACGACGCCGGATAATCGGCAGCCGAGGAACCGCCAGCCGAGGATCCGCTCCGGGAACGAGCCTCGTTCCGCGCCCGCCGTGGAACCCGATGGTCGCG	6737
TCGGAAGGCGGGACGACGCCGGATAATCGGCAGCCGAGGAACCGCCAGCCGAGGATCCGCTCCGGGAACGAGCCTCGTTCCGCGCCCGCCAAGGAACCCGATGGTCGCG	5649
TCGGAAGGCGGGACGACGCCGGATAATCGGCAGCCGAGGAACCGCCAGCCGAGGATCCGCTCCGGGAACGAGCCTCGTTCCGCGCCCGCCACGGAACCCGATGGTCGCG	5175
TCGGAAGGCGGGACGACGCCGGATAATCGGCAGCCGAGGAACCGCCAGCCGAGGATCCGCTCCGGGAACGAGCCTCGTTCCGCGCCCGCCAGGGAACCCGATGGTCGCG	3952
TCGGAAGGCGGGACGACGCCGGATAATCGGCAGCCGAGGAACCGCCAGCCGAGGATCCGCTCCGGGAACGAGCCTCGTTCCGCGCCCGCCATAGAACCCGATGGTCGCG	4036
TCGGAAGGCGGGACGACGCCGGATAATCGGCAGCCGAGGAACCGCCAGCCGAGGATCCGCTCCGGGAACGAGCCTCGTTCCGCGCCCGCCATTGAACCCGATGGTCGCG	3418
TCGGAAGGCGGGACGACGCCGGATAATCGGCAGCCGAGGAACCGCCAGCCGAGGATCCGCTCCGGGAACGAGCCTCGTTCCGCGCCCGCCATCGAACCCGATGGTCGCG	1877
TCGGAAGGCGGGACGACGCCGGATAATCGGCAGCCGAGGAACCGCCAGCCGAGGATCCGCTCCGGGAACGAGCCTCGTTCCGCGCCCGCCATGAAACCCGATGGTCGCG	39184
TCGGAAGGCGGGACGACGCCGGATAATCGGCAGCCGAGGAACCGCCAGCCGAGGATCCGCTCCGGGAACGAGCCTCGTTCCGCGCCCGCCATGTAACCCGATGGTCGCG	5107
TCGGAAGGCGGGACGACGCCGGATAATCGGCAGCCGAGGAACCGCCAGCCGAGGATCCGCTCCGGGAACGAGCCTCGTTCCGCGCCCGCCATGCAACCCGATGGTCGCG	41809
TCGGAAGGCGGGACGACGCCGGATAATCGGCAGCCGAGGAACCGCCAGCCGAGGATCCGCTCCGGGAACGAGCCTCGTTCCGCGCCCGCCATGGTACCCGATGGTCGCG	40270
TCGGAAGGCGGGACGACGCCGGATAATCGGCAGCCGAGGAACCGCCAGCCGAGGATCCGCTCCGGGAACGAGCCTCGTTCCGCGCCCGCCATGGCACCCGATGGTCGCG	24515
TCGGAAGGCGGGACGACGCCGGATAATCGGCAGCCGAGGAACCGCCAGCCGAGGATCCGCTCCGGGAACGAGCCTCGTTCCGCGCCCGCCATGGGACCCGATGGTCGCG	28124
